"word";"in documents";"total";"att_1"
"abidingli";1;1;
"abl";2;2;
"abod";1;1;
"absolut";1;1;
"abund";1;1;
"academ";1;1;
"academi";1;1;
"acceler";1;1;
"accident";1;1;
"accommod";4;6;
"accompani";4;4;
"accord";2;4;
"account";2;2;
"accur";1;1;
"accuraci";1;1;
"achaia";1;1;
"acquaint";2;3;
"acquir";1;1;
"acquisit";1;1;
"acr";1;1;
"acropoli";5;29;
"acropolis";1;1;
"act";3;5;
"action";1;1;
"actium";1;1;
"activ";2;3;
"addict";2;2;
"addit";2;2;
"address";1;2;
"adhrianoú";1;2;
"adjac";4;8;
"adjoin";2;2;
"adjunct";1;1;
"administr";1;1;
"admir";5;6;
"admiss";2;2;
"admittedli";1;1;
"adolesc";1;2;
"ador";1;1;
"adorn";1;2;
"adrenalin";1;1;
"adriat";1;1;
"advanc";3;6;
"advantag";2;2;
"adversari";1;1;
"advis";1;1;
"aega";1;6;
"aegean";6;15;
"aegina";1;2;
"aegisthu";1;3;
"aesop";1;1;
"afendikó";1;1;
"affair";1;3;
"afield";1;2;
"afternoon";2;3;
"agamemnon";3;15;
"agent";1;1;
"aggress";1;1;
"agio";1;1;
"agog";1;1;
"agora";1;4;
"agricultur";4;5;
"ahíllio";1;5;
"aid";1;1;
"aim";1;1;
"air";3;9;
"aircraft";1;1;
"airi";1;1;
"aisl";2;2;
"akrotíri";1;1;
"akrópoli";1;1;
"albania";1;2;
"alcohol";1;1;
"alexandhroúpoli";1;6;
"alien";1;1;
"aliv";2;3;
"alli";2;3;
"allianc";1;2;
"alpin";1;1;
"altar";1;1;
"altern";2;3;
"altitud";1;2;
"amalía";1;1;
"amari";1;1;
"amazon";1;1;
"ambelókipi";1;2;
"ambiti";1;1;
"ammo";1;1;
"ammunit";1;1;
"amorgó";1;1;
"amount";2;2;
"amphipoli";1;1;
"amphitheatr";1;1;
"ampli";1;1;
"amári";1;2;
"analysi";1;1;
"anania";1;1;
"anarchist";1;1;
"anaryiri";1;1;
"anchor";1;1;
"anchorag";1;1;
"andron";1;1;
"androniko";2;6;
"angl";1;1;
"angístri";1;3;
"anim";3;3;
"annihil";1;1;
"anniversari";1;1;
"ant";1;2;
"antechamb";1;2;
"anteroom";1;1;
"antikythira";1;2;
"antoni";1;1;
"antóni";1;1;
"anástasi";1;1;
"aphrodit";1;1;
"apollon";1;1;
"appar";1;2;
"appeal";3;4;
"appl";1;1;
"appli";1;1;
"approach";5;11;
"appropri";2;2;
"approx";1;1;
"apricot";1;1;
"april";2;2;
"aps";2;3;
"apóstol";1;1;
"aquarium";1;2;
"aqueduct";1;1;
"ar";1;1;
"arabl";1;1;
"aravan";1;2;
"arcadia";1;2;
"arch";2;2;
"archaeolog";1;2;
"archaic";2;2;
"archangel";1;1;
"archeolog";6;26;
"archeologist";2;2;
"architect";3;6;
"architectur";5;10;
"arduou";1;1;
"areopagu";1;1;
"areópoli";1;1;
"argo";2;7;
"argolídha";1;1;
"arguabl";2;3;
"arhimídh";1;2;
"arhondiká";1;1;
"arhán";1;1;
"arid";1;1;
"aristarchu";1;1;
"aristocraci";1;1;
"aristotl";1;2;
"arm";1;1;
"armi";4;7;
"armour";1;1;
"armrest";1;2;
"aromat";1;1;
"arrai";3;3;
"arriv";2;7;
"arrow";1;1;
"art";3;19;
"artefact";2;3;
"artemi";2;3;
"artemiss";1;1;
"artifici";1;2;
"artilleri";1;1;
"artist";1;5;
"arádhena";1;1;
"ascend";1;1;
"ascens";1;1;
"ascent";1;1;
"ash";1;2;
"asia";3;11;
"aspect";2;2;
"asphalt";1;1;
"assassin";4;7;
"assembl";1;2;
"assin";1;1;
"associ";2;2;
"assum";2;3;
"assumpt";1;1;
"astronom";1;1;
"athanásio";1;1;
"athen";5;102;
"athena";2;4;
"athina";1;1;
"athinaion";1;1;
"athinorama";1;1;
"athiná";1;8;
"athlet";1;2;
"athéato";1;1;
"atmospher";4;6;
"atreu";1;6;
"atrium";1;1;
"atroc";1;1;
"attack";1;2;
"attempt";3;4;
"attic";1;1;
"attica";1;4;
"atticu";1;4;
"aubergin";1;1;
"audienc";1;1;
"aug";1;1;
"aura";1;1;
"australia";1;2;
"authent";1;2;
"autonom";2;2;
"autonomi";1;1;
"autumn";1;1;
"avail";4;4;
"avdhoú";1;1;
"avenu";1;4;
"avgoúst";1;2;
"avid";1;1;
"avocet";1;1;
"awar";1;1;
"awesom";1;1;
"awkwardli";1;1;
"awn";1;1;
"ax";1;1;
"ayii";1;1;
"aï";1;1;
"aïvazí";1;1;
"b";3;4;
"babi";2;2;
"backcountri";1;1;
"backdrop";2;2;
"background";1;1;
"backstreet";1;1;
"backwat";2;3;
"badli";1;1;
"bag";1;1;
"bai";4;7;
"bake";2;2;
"balanc";1;1;
"balconi";3;3;
"bali";1;1;
"balkan";2;4;
"ballet";1;1;
"ban";1;1;
"band";1;2;
"bank";3;4;
"banker";1;1;
"bar";3;11;"0.06682691780147322"
"baroni";1;1;
"barrack";2;2;
"barrel";1;1;
"barrier";1;1;
"barrow";1;1;
"base";4;14;
"basement";1;1;
"basi";2;2;
"basilica";1;5;
"basilican";1;1;
"bassára";1;1;
"bastion";1;2;
"bath";1;4;
"batter";1;1;
"battl";6;16;
"battlefield";1;2;
"bavarian";1;2;
"bazaar";2;11;
"bc";8;48;
"beach";8;65;
"bean";1;1;
"bear";3;8;
"beard";1;1;
"bearer";1;1;
"beauti";7;18;
"beautifulli";4;4;
"beaver";1;2;
"bed";1;1;
"bedroom";1;1;
"beehiv";1;1;
"beguil";1;1;
"belat";1;1;
"belief";2;2;
"believ";2;5;
"bell";1;2;
"belt";1;1;
"bench";1;1;
"benefactor";1;1;
"benefit";1;2;
"bengali";1;1;
"benáki";2;4;
"berea";1;1;
"bereft";1;1;
"berrhoea";1;1;
"bet";1;1;
"bewild";1;1;
"bike";1;8;
"bill";1;1;
"bird";1;9;
"birdlif";1;3;
"birdwatch";1;3;
"birth";1;1;
"birthplac";1;1;
"bishop";1;1;
"bishopr";1;1;
"bistro";1;1;
"bit";2;3;
"bleak";1;1;
"blend";1;2;
"blight";1;1;
"block";1;4;
"blood";2;6;
"bloodi";1;1;
"blow";3;3;
"boar";1;2;
"board";3;4;
"boast";4;6;
"boat";6;17;
"bodi";2;4;
"boi";1;4;
"boil";1;1;
"bomb";2;2;
"bombard";1;1;
"bond";1;1;
"bone";1;4;
"bookshop";1;1;
"boom";3;3;
"boost";1;1;
"booz";1;1;
"border";3;7;
"bottl";1;1;
"bottom";2;3;
"bougainvillea";1;1;
"boukaoúri";1;1;
"boul";1;1;
"boundari";1;1;
"bounti";1;1;
"bowl";1;2;
"box";1;4;
"boxer";1;1;
"boúrtzi";1;1;
"brancusi";1;1;
"brand";1;1;
"brasswork";1;1;
"breach";1;2;
"bread";1;1;
"break";3;3;
"breakfast";1;1;
"breathtak";1;1;
"breed";1;2;
"bretagn";1;1;
"bretto";1;1;
"bridg";1;3;
"brief";6;13;
"briefli";2;2;
"brilliantli";2;2;
"british";2;2;
"broadcast";1;1;
"broadli";1;1;
"bronz";3;15;
"brother";2;3;
"brow";1;1;
"brutu";1;1;
"bu";2;3;
"buck";1;1;
"budget";7;8;
"buffalo";1;1;
"bui";3;3;
"bulgaria";1;3;
"bulgarian";2;2;
"bulk";3;3;
"bull";1;3;
"bunge";1;1;
"bungi";1;1;
"bunker";1;2;
"buri";2;5;
"burial";4;8;
"burli";1;1;
"burn";2;2;
"buse";3;3;
"busi";6;13;
"bust";1;1;
"bustl";4;5;
"buzz";2;3;
"buzzard";1;1;
"byzantium";3;3;
"cabinet";1;1;
"cabl";1;1;
"caesar";1;1;
"cafe";1;1;
"café";7;22;"0.06682691780147322"
"calendar";1;1;
"call";4;16;
"cambridg";1;1;
"camera";1;1;
"camp";3;3;
"campaign";1;1;
"campsit";1;1;
"campu";1;1;
"canal";2;4;
"canvas";1;1;
"canyon";4;5;
"cap";1;1;
"capabl";2;2;
"cape";1;1;
"capit";7;22;
"caprici";1;1;
"caption";1;1;
"captiv";1;1;
"captur";2;2;
"capuchin";1;1;
"car";4;4;
"carcass";1;1;
"card";1;2;
"care";1;1;
"carefulli";2;3;
"carp";1;1;
"carri";1;1;
"carv";4;9;
"cascad";2;2;
"casino";1;1;
"cassiu";1;1;
"cast";1;1;
"castel";1;1;
"castl";5;11;
"catamaran";1;1;
"catch";3;3;
"cathedr";3;7;
"cathol";1;3;
"cauldron";1;1;
"caus";2;2;
"cavalri";1;1;
"cave";5;14;
"cavemen";1;1;
"cd";1;1;
"cedar";1;1;
"ceil";2;3;
"celebr";2;6;
"cell";1;1;
"cellar";1;1;
"cemeteri";1;1;
"centr";6;29;
"centrepiec";1;1;
"centuri";8;82;"0.02878078694539205"
"ceremoni";1;1;
"cerigo";1;1;
"certainli";3;4;
"chaeronea";1;1;
"chain";2;3;
"chair";1;1;
"chamber";2;6;
"chanc";3;3;
"chang";2;9;
"chania";1;1;
"chapel";4;4;
"charact";2;5;
"charg";1;1;
"chariot";1;1;
"charm";3;5;
"charter";1;1;
"chees";1;1;
"cherryad";1;1;
"chess";1;1;
"chestnut";1;3;
"chick";1;1;
"chief";3;3;
"children";2;3;
"chiton";1;1;
"choic";2;5;
"chrissi";1;1;
"christ";3;8;
"christian";4;11;
"christoph";1;1;
"chronicl";1;1;
"chronolog";1;1;
"chunk";1;1;
"church";8;52;
"cicero";1;1;
"cinema";2;3;
"circl";2;5;
"circuit";1;1;
"circul";1;1;
"cistern";1;4;
"citadel";2;13;
"citi";6;89;
"citizen";1;2;
"citizenship";1;1;
"clai";1;1;
"claim";3;3;
"clan";2;8;
"class";1;3;
"classi";2;2;
"classic";4;27;
"clearli";2;3;
"cliff";1;1;
"clifftop";1;1;
"climat";2;6;
"climb";5;17;
"cloak";2;2;
"clock";1;1;
"clockwis";1;2;
"cloth";4;6;
"cloud";1;1;
"club";2;9;
"clue";1;2;
"cluster";4;7;"cluster_0"
"clutch";1;1;
"coach";1;1;
"coars";1;1;
"coast";7;29;
"coastal";2;5;
"coastlin";1;2;
"coat";1;1;
"cobbl";2;2;
"cod";1;1;
"coexist";1;1;
"coffin";1;2;
"coher";1;1;
"cold";1;1;
"collabor";1;1;
"collaps";1;1;
"colon";1;1;
"colonel";1;5;
"coloni";2;2;
"colonnad";1;1;
"colour";5;8;
"column";4;6;
"com";1;1;
"combin";3;4;
"command";3;4;
"commemor";3;4;
"commentari";1;1;
"commerc";1;1;
"commerci";4;8;
"commonli";1;1;"0.0956077047468653"
"commun";5;7;
"commut";1;1;
"compact";1;1;
"compani";1;1;
"companion";1;1;
"compar";1;1;
"compel";3;4;
"compet";2;3;
"complement";1;1;
"complet";5;11;
"complex";5;10;
"comprehens";5;6;
"compris";1;1;
"comput";1;2;
"conceiv";1;1;
"concentr";3;5;
"concept";1;1;
"concert";1;2;
"concess";1;1;
"conch";1;1;
"concret";2;2;"0.0956077047468653"
"concubin";1;2;
"conduct";2;2;
"confect";1;1;
"confeder";1;1;
"confid";1;1;
"confin";1;1;
"confus";1;1;
"confusingli";1;1;
"congreg";2;2;
"conquer";1;1;
"conqueror";1;1;
"conquest";1;3;
"consequ";3;3;
"conserv";1;1;
"consid";1;1;
"consol";2;2;
"consolid";1;1;
"consort";1;2;
"conspicu";2;2;
"constantin";1;1;
"constantinopl";4;7;
"constitut";2;3;
"consumm";1;1;
"contemporari";2;3;
"content";2;2;
"contest";1;1;
"contrast";2;2;
"control";6;16;
"conven";1;1;
"conveni";2;2;
"convent";5;8;
"convers";1;1;
"convert";1;3;
"convinc";1;1;
"copi";1;2;
"coptic";1;1;
"cordon";1;1;
"core";3;4;
"corinth";3;11;
"cork";1;1;
"cormor";1;2;
"corn";2;3;
"corner";4;5;
"cornwal";1;1;
"coron";1;1;
"correspond";2;2;
"corridor";3;3;
"corsair";1;1;
"cosmopolitan";2;3;
"costli";1;1;
"costum";2;3;
"cottag";1;1;
"cotton";2;2;
"council";1;2;
"count";1;1;
"counterpart";1;2;
"countri";5;12;
"countrysid";3;4;
"coupl";3;6;
"cours";3;5;
"court";3;7;
"courtesi";1;1;
"courtyard";1;2;
"cousin";1;1;
"cove";4;4;
"cover";7;22;
"coverag";1;1;
"craft";2;3;
"craftsman";1;1;
"crag";1;1;
"craggi";1;1;
"cram";1;1;
"craze";1;1;
"crazi";1;1;
"creat";3;3;
"creation";1;1;
"creativ";1;1;
"credit";1;2;
"cremat";1;2;
"crest";1;1;
"cretan";2;6;
"cretaquarium";1;1;
"crete";8;41;
"crew";1;2;
"crisi";1;2;
"crispli";1;1;
"crisscross";1;1;
"crop";1;1;
"cross";2;3;
"crowd";6;12;
"cruis";1;1;
"crumbl";1;1;
"crusad";1;2;
"cry";1;1;
"crypt";1;1;
"cubist";1;1;
"culmin";1;1;
"cult";1;1;
"cultiv";1;1;
"cultur";8;16;
"cun";1;1;
"cup";1;2;
"curiou";1;1;
"curl";1;1;
"curs";1;2;
"curv";1;1;
"cushion";1;1;
"custom";2;2;
"customarili";1;1;
"cut";4;7;
"cycl";2;2;
"cyclad";5;15;
"cyclopean";1;2;
"cylindr";1;1;
"cypru";1;1;
"d";1;1;
"dagger";1;1;
"dai";8;36;
"daili";6;10;
"danc";2;5;
"dancer";1;1;
"date";8;22;
"daughter";2;3;
"dawn";2;2;
"daytim";1;1;
"dazzl";1;1;
"deadend";1;1;
"deal";2;2;
"dearli";1;1;
"death";2;4;
"decad";4;9;
"decai";3;3;
"deceas";1;1;
"decemb";1;1;
"decid";4;5;
"decidedli";1;1;
"declar";3;3;
"declin";4;10;
"decor";3;8;
"decreas";1;1;
"decrepit";1;1;"0.0956077047468653"
"dedeagaç";1;1;
"dedhálou";1;1;
"dedic";4;4;
"deepli";1;1;
"defeat";4;6;
"defiant";1;1;
"defin";1;1;
"degre";1;1;
"delic";3;7;
"delight";3;5;
"delin";1;1;
"delo";1;1;
"delta";1;7;
"demand";1;1;
"demet";1;1;
"democraci";1;5;
"democrat";1;3;
"demolish";1;2;
"demonstr";1;2;
"demor";1;1;
"demosthen";1;1;
"den";1;1;
"dens";2;2;
"densiti";1;1;
"depart";1;1;
"departur";1;1;
"depopul";2;2;
"deposit";1;1;
"derelict";1;3;
"descend";2;3;
"describ";1;1;
"descript";1;1;
"desert";2;2;
"deserv";1;2;
"design";4;12;
"desol";1;1;
"despot";2;6;
"destin";2;2;
"destruct";1;1;
"detail";2;4;
"determin";2;2;
"detriment";1;1;
"devast";1;1;
"devic";1;1;
"devot";2;2;
"dhadhiá";1;4;
"dhexamení";1;1;
"dhiakoftó";1;4;
"dhikeosíni";1;1;
"dhimitsána";1;1;
"dhimítrio";1;1;
"dhiroú";1;1;
"dhispílio";1;1;
"dhrakéï";1;1;
"dhrakónda";1;1;
"dhrákou";1;2;
"dhráma";1;3;
"diadem";1;1;
"dictat";1;1;
"didact";1;1;
"differenti";1;1;
"difficulti";1;1;
"dine";1;2;
"dinner";1;1;
"dionyso";1;2;
"direkl";1;2;
"disaffect";1;1;
"disappoint";1;1;
"disast";1;1;
"disastr";1;1;
"disc";1;1;
"discern";2;2;
"disciplin";1;1;
"discov";5;13;
"discoveri";3;5;
"discreet";1;1;
"discrimin";1;1;
"disguis";1;1;
"dish";1;1;
"dissatisfact";1;1;
"dissip";1;1;
"distanc";5;7;
"distil";1;1;
"district";4;6;
"dive";2;2;
"divers";4;7;
"divert";1;2;
"divid";2;3;
"divis";1;1;
"dochiari";1;1;
"dock";1;1;
"dockyard";1;1;
"document";1;1;
"dodecanes";3;3;
"dog";1;1;
"domain";1;1;
"dome";7;10;
"domest";1;1;
"domin";5;11;
"donat";1;1;
"donkei";1;2;
"donor";1;1;
"door";1;1;
"doorwai";2;3;
"dorian";1;1;
"dormit";2;3;
"doryphoro";1;1;
"dot";1;1;
"doubl";4;7;
"dove";1;1;
"downhil";1;1;
"downstair";1;1;
"dozen";4;7;
"drab";1;1;
"draco";1;1;
"drag";1;1;
"dragon";1;4;
"drain";1;1;
"drama";2;5;
"dramat";5;12;
"draw";2;2;
"dredg";1;1;
"dress";1;1;
"dri";1;1;
"drift";2;3;
"drink";4;9;
"drive";3;4;
"drop";3;4;
"dross";1;1;
"drug";1;1;
"drum";1;1;
"dub";1;1;
"dubiou";1;1;
"duck";1;1;
"dune";1;1;
"dusk";2;2;
"duti";1;1;
"duzen";1;1;
"dvd";1;1;
"dyke";1;1;
"dynast";1;1;
"dynasti";2;4;
"e";1;3;
"eagl";2;4;
"ear";1;2;
"earnest";1;1;
"earth";1;1;
"earthquak";1;3;
"easili";4;8;
"ecclesiast";1;1;
"echo";1;1;
"eco";2;2;
"econom";2;4;
"economi";1;1;
"ecotour";1;1;
"edem";1;2;
"edific";1;1;
"edit";1;1;
"educ";2;2;
"effect";5;5;
"effigi";1;1;
"effort";1;2;
"efstrátio";1;2;
"eg";1;1;
"egnatía";1;4;
"egret";1;2;
"egyptian";1;1;
"el";2;2;
"elabor";2;3;
"elefsína";1;1;
"eleftherio";1;1;
"elefthería";1;1;
"eleftherío";1;1;
"eleg";2;2;
"elegantli";1;1;
"elektra";1;1;
"eleph";1;1;
"elev";1;1;
"eleventh";2;2;
"elit";1;1;
"elkómeno";1;1;
"eloúnda";1;2;
"els";4;4;
"elsewher";4;5;
"email";1;1;
"embassi";1;2;
"emblem";1;1;
"emboss";1;2;
"embroideri";1;1;
"emigr";2;4;
"emperor";3;5;
"empir";6;11;
"emporia";1;1;
"empti";1;1;
"encircl";1;1;
"enclav";1;2;
"encompass";3;3;
"encount";1;1;
"encourag";1;1;
"end";5;24;
"endearingli";1;1;
"endow";1;2;
"enemi";1;1;
"engin";1;2;
"enhanc";1;1;
"enlist";1;1;
"enthusiast";2;2;
"entir";2;9;
"entranc";5;9;
"entri";1;1;
"environ";1;1;
"environment";1;1;
"epic";1;2;
"epicuru";1;1;
"epidauru";2;9;
"epidavro";1;1;
"epistl";1;1;
"eponym";1;1;
"equestrian";1;1;
"equip";3;3;
"era";4;8;
"ermióni";1;1;
"ermoúpoli";1;4;
"erudit";1;2;
"escal";1;1;
"escap";4;6;
"escarp";1;1;
"especi";7;21;
"estat";1;1;
"estim";2;3;
"ethnolog";1;3;
"eupalino";1;1;
"eupatrida";1;2;
"euripid";1;1;
"europ";8;17;
"european";3;3;
"eurydik";1;2;
"evacu";3;3;
"evangelismó";1;1;
"evangelistría";2;2;
"event";2;9;
"eventu";5;7;
"everywher";1;1;
"evid";2;3;
"evoc";1;2;
"evripídh";1;4;
"evróta";1;2;
"evzón";1;1;
"exalt";1;1;
"exampl";5;9;
"excav";5;12;
"exce";1;1;
"excel";6;23;
"exchang";1;1;
"excit";3;4;
"exclaim";1;1;
"exclud";2;2;
"exclus";3;3;
"excommun";1;1;
"excurs";2;3;
"excus";1;1;
"execut";2;2;
"exercis";2;2;
"exert";1;1;
"exhibit";5;14;
"exil";2;2;
"exit";1;1;
"exohóri";1;3;
"exot";1;1;
"expans";4;6;
"expat";1;1;
"expedit";1;1;
"expens";2;3;
"explan";2;2;
"export";1;2;
"expos";1;1;
"exquisit";2;3;
"extens";6;17;
"extent";2;3;
"exterior";1;2;
"extinguish";1;1;
"extraordinari";4;6;
"extraordinarili";1;2;
"extrem";5;11;
"extremadura";1;1;
"exárhia";1;4;
"ey";1;1;
"eándio";1;1;
"eólou";1;8;
"fabul";4;7;
"facad";1;6;
"face";5;9;
"facial";1;2;
"facil";2;2;
"fact";5;10;
"factor";1;1;
"factual";1;1;
"fade";1;1;
"fairer";1;1;
"fairli";1;1;
"falakró";1;1;
"falcon";1;1;
"fall";4;11;
"fals";1;1;
"falásarna";1;1;
"fame";2;2;
"famili";4;9;
"famou";6;13;
"fanci";1;1;
"fancier";1;1;
"faneroméni";1;1;
"fantasi";1;1;
"fare";2;2;
"farm";1;1;
"farmer";1;1;
"fashion";3;5;
"fate";1;1;
"father";3;6;
"favour";2;2;
"favourit";2;3;
"feat";1;1;
"feed";1;1;
"feel";2;2;
"fell";2;4;
"femal";3;3;
"fenc";1;1;
"ferri";3;6;
"fertil";5;6;
"festoon";1;1;
"feud";1;6;
"feudal";1;2;
"fidia";1;1;
"field";1;1;
"fig";1;1;
"fight";1;1;
"figur";4;7;
"file";1;1;
"filippoi";1;1;
"filistron";1;1;
"film";2;4;
"filopápp";1;2;
"financi";1;1;
"fine";6;15;
"finer";1;1;
"finger";1;2;
"finikoúnda";1;1;
"finish";1;1;
"fire";6;6;
"fireplac";2;2;
"firewat";1;1;
"fish";5;9;
"fishermen";1;1;
"fit";1;4;
"fjord";1;1;
"flag";1;1;
"flank";5;6;
"flashi";1;1;
"flea";1;5;
"fleet";3;4;
"flesh";1;1;
"fleshpot";1;1;
"flicker";1;1;
"flight";1;1;
"flisvó";1;1;
"float";1;1;
"flock";1;1;
"flog";1;1;
"floor";2;9;
"flora";2;4;
"florenc";1;1;
"flour";1;1;
"flow";1;2;
"flower";1;4;
"flórina";1;2;
"focu";2;4;
"foil";1;1;
"fold";2;3;
"folk";3;4;
"folklor";3;5;
"food";5;18;
"foot";5;8;
"footbridg";1;2;
"foothil";3;3;
"footpath";2;2;
"footstool";1;2;
"footwear";1;1;
"forai";1;1;
"forc";4;11;
"fore";1;2;
"forest";5;10;
"fork";1;2;
"form";7;15;
"fort";2;3;
"forti";2;2;
"fortifi";2;5;
"fortress";4;9;
"fortun";2;2;
"forum";1;1;
"fossil";1;1;
"foundat";5;9;
"fountain";1;1;
"fox";1;1;
"fragment";1;3;
"frame";1;1;
"frangokastello";1;1;
"frangokástello";1;1;
"frangopoulo";1;1;
"frankish";3;5;
"freighter";1;1;
"french";3;4;
"fresco";7;22;
"freshwat";1;2;
"fri";2;3;
"fridai";1;2;
"friendli";2;2;
"friez";1;4;
"frog";1;1;
"front";3;6;
"frontier";1;1;
"fruit";2;5;
"fuell";1;1;
"fun";1;1;
"funer";1;1;
"funerari";1;1;
"fur";1;3;
"furi";1;1;
"furnish";1;1;
"furrier";1;1;
"furrow";1;1;
"furthest";1;1;
"fáliro";1;1;
"fête";1;1;
"gain";2;2;
"gallop";1;1;
"game";2;4;
"gang";1;1;
"garden";2;3;
"gargantuan";1;1;
"garlic";1;1;
"garrison";4;6;
"gatepost";1;1;
"gatewai";4;6;
"gaygreec";1;1;
"gaze";2;2;
"gear";2;5;
"gees";1;1;
"gemisthu";1;1;
"genealog";1;1;
"gener";4;10;
"genoes";1;1;
"gentler";1;1;
"gentrif";1;1;
"geograph";2;2;
"geometr";1;1;
"georg";3;3;
"german";4;9;
"giant";1;1;
"gill";1;1;
"glass";4;5;
"glendi";1;1;
"glimps";2;3;
"glori";3;4;
"glyfádha";1;1;
"goal";1;1;
"goat";2;2;
"goblet";1;1;
"god";5;7;
"goddess";4;7;
"goe";2;2;
"gold";3;18;
"goos";2;2;
"gorg";2;12;
"gorgeou";1;1;
"gorgon";1;1;
"gors";1;1;
"gorti";1;3;
"gospel";1;1;
"gourmet";1;1;
"governor";1;1;
"goúrn";1;1;
"gr";1;2;
"grab";1;1;
"grace";2;2;
"grade";1;1;
"gradient";1;1;
"graduat";1;1;
"grain";1;1;
"grander";2;3;
"grandios";1;1;
"grandstand";1;1;
"grant";1;1;
"grape";2;4;
"grave";2;11;
"graze";2;2;
"greatli";1;2;
"grebe";1;2;
"greco";2;2;
"greekfestiv";1;1;
"grei";2;2;
"griffon";1;1;
"grill";1;1;
"grip";1;1;
"gritti";1;1;
"grocer";1;1;
"ground";4;11;
"grove";2;2;
"growth";1;3;
"gruell";1;1;
"guard";2;2;
"guerrilla";1;1;
"guillaum";1;2;
"gulf";2;2;
"gázi";1;4;
"gíbrena";1;1;
"hade";1;2;
"hadrian";1;2;
"hail";1;1;
"hair";1;2;
"half";4;9;
"halkiak";1;1;
"halkidhikí";1;3;
"hall";4;6;
"halv";1;1;
"halvadhópita";1;1;
"hamlet";3;6;
"hammam";1;1;
"hand";5;13;
"handgun";1;1;
"handi";1;1;
"handicraft";1;1;
"handmad";1;1;
"handsom";3;5;
"haniá";1;18;
"happi";1;1;
"hardli";1;1;
"harmoni";1;1;
"harvest";2;5;
"hatzikyriako";1;1;
"haul";1;1;
"hawk";1;1;
"head";7;30;
"heap";1;1;
"heart";1;4;
"hearth";1;1;
"heat";2;2;
"heather";1;1;
"heaven";2;2;
"heavili";3;4;
"heel";1;1;
"hefti";1;1;
"hegemoni";2;2;
"height";2;2;
"helen";1;1;
"hellenist";2;2;
"hemp";1;1;
"hephaisteion";1;1;
"herb";2;3;
"herd";1;1;
"heritag";5;6;
"hero";3;3;
"herod";1;4;
"heron";1;1;
"hide";1;3;
"highli";2;2;
"highlight";5;15;
"hike";4;16;
"hiker";2;3;
"hill";7;30;
"hilli";2;2;
"hillock";1;2;
"hillsid";5;6;
"hilltop";1;1;
"hint";2;2;
"hio";1;1;
"hiot";1;1;
"hipparchu";1;2;
"hippia";1;2;
"histor";6;7;
"hit";1;1;
"hold";2;4;
"holder";1;1;
"holi";3;3;
"holidaymak";1;1;
"holocaust";1;1;
"home";3;3;
"homeown";1;1;
"homer";2;7;
"homi";1;1;
"honour";2;3;
"hop";3;4;
"hoplit";1;1;
"hopper";1;1;
"horac";1;1;
"hord";3;3;
"horn";1;1;
"hors";2;3;
"horserid";1;5;
"hospit";3;4;
"host";5;8;
"hostel";1;1;
"hotel";6;15;
"hound";1;1;
"hour";6;16;
"household";3;4;
"hr";1;1;
"hub";2;3;
"hubbub";1;1;
"hug";1;1;
"human";2;2;
"humanist";1;1;
"humdrum";2;2;
"hunt";1;2;
"hurriedli";1;1;
"hut";3;3;
"hydra";1;1;
"hydrofoil";2;2;
"hype";1;1;
"hánsen";1;1;
"hélène";1;1;
"hío";2;2;
"hóra";3;8;
"ibi";1;1;
"icon";4;8;
"ida";1;7;
"idaean";1;1;
"ideal";3;6;
"idean";1;2;
"ident";1;1;
"identif";2;3;
"identifi";3;3;
"ideon";1;1;
"idiosyncrat";2;2;
"idol";2;2;
"idyl";2;2;
"ierissó";1;1;
"ierápetra";1;3;
"igoumenítsa";1;1;
"ii";6;24;
"iii";2;5;
"ikaria";1;1;
"iktino";1;1;
"illeg";1;1;
"illumin";3;4;
"illustr";1;1;
"ilísia";1;1;
"imag";3;3;
"imagin";3;3;
"imittoú";1;1;
"immens";4;4;
"immigr";1;1;
"impact";1;1;
"impel";1;1;
"imperi";1;1;
"impetu";1;1;
"import";5;6;
"impos";3;5;
"impregn";1;1;
"imprison";1;1;
"inadequ";1;1;
"incent";1;1;
"inch";1;1;
"incorpor";1;2;
"increas";3;4;
"increasingli";3;5;
"incurs";1;1;
"inde";5;7;
"independ";5;14;
"indisput";1;1;
"indulg";1;1;
"industri";4;7;
"inevit";1;3;
"inexpens";1;2;
"infant";1;1;
"infertil";1;1;
"infinit";1;1;
"influenc";5;7;
"influx";4;4;
"infrastructur";1;1;
"inhabit";7;9;
"initi";1;1;
"inlaid";1;1;
"inlet";1;1;
"innumer";1;1;
"inoúss";1;2;
"inroad";1;1;
"inscrib";2;2;
"insight";1;1;
"insignific";1;1;
"instal";1;1;
"institut";1;1;
"instrument";1;2;
"insur";1;1;
"integr";1;1;
"intellectu";2;3;
"intens";1;2;
"interest";7;17;
"interior";5;7;
"intern";3;8;
"interrupt";1;1;
"intersect";1;1;
"interv";1;1;
"intim";1;1;
"intimaci";1;1;
"intransig";1;1;
"intrigu";1;2;
"introduc";1;2;
"invad";3;3;
"invari";1;1;
"invas";2;2;
"inventor";1;1;
"invit";1;2;
"iphigeneia";1;1;
"iron";3;3;
"irrefut";1;1;
"irrig";1;1;
"irrupt";1;1;
"iríni";1;1;
"islet";4;9;
"isol";3;5;
"issu";1;1;
"istanbul";2;2;
"isthmu";1;1;
"item";4;7;
"ivori";2;4;
"jag";1;1;
"jame";1;1;
"jar";1;1;
"jazz";1;3;
"jean";1;1;
"jeep";1;1;
"jess";1;1;
"jew";1;1;
"jewel";1;1;
"jewelleri";2;8;
"jewish";1;1;
"jockei";1;1;
"jogger";1;1;
"joker";1;1;
"joyc";1;1;
"judg";2;2;
"judgement";1;1;
"juli";2;2;
"juliu";1;1;
"jumbl";2;3;
"jump";1;1;
"junction";2;5;
"june";4;5;
"junk";1;1;
"junta";1;2;
"juxtapos";1;1;
"kalamáta";1;5;
"kallidhromí";1;2;
"kallikr";1;1;
"kallithéa";1;1;
"kalogriá";1;2;
"kalokerinoú";1;1;
"kalávryta";1;5;
"kalóyerosa";1;1;
"kamár";1;1;
"kangaroo";1;3;
"kapodhistría";1;2;
"karatáss";1;1;
"karítena";1;1;
"kasnítzi";1;1;
"kassándhra";1;3;
"kastoria";1;1;
"kastoriá";2;10;
"katholikón";1;1;
"kayak";1;2;
"kaïkia";2;2;
"keen";1;1;
"kendrikí";1;2;
"kerameiko";1;1;
"keramikó";1;1;
"kerketév";1;1;
"khristó";1;1;
"kick";1;1;
"kilometr";4;10;
"kilt";1;1;
"kind";1;3;
"king";3;16;
"kiosk";2;3;
"kiss";1;1;
"kissam";1;1;
"kitchen";2;2;
"kite";1;1;
"kitroplatía";1;1;
"klytemnestra";2;5;
"klíma";1;1;
"km";7;39;
"knee";1;1;
"knight";1;1;
"knosso";1;4;
"knuckl";2;2;
"kolokotroni";1;1;
"kolonáki";1;6;
"komotiní";1;2;
"konstandino";1;1;
"konstantino";1;1;
"kore";1;1;
"korea";1;1;
"korifi";1;1;
"koróni";1;3;
"koukáki";1;3;
"kouloúri";1;1;
"koumbelidhikí";1;1;
"kourkoúla";1;1;
"kouro";1;2;
"kourout";1;1;
"koursoún";1;1;
"kozáni";1;1;
"koúla";1;4;
"kritsá";1;1;
"kroisu";1;1;
"kríti";1;1;
"kypséli";1;1;
"kástro";3;8;
"kérki";1;4;
"kítta";1;2;
"kókkine";1;1;
"kótrona";1;1;
"kübe";1;1;
"kýthira";1;8;
"label";1;2;
"labour";1;1;
"labyrinth";1;1;
"labyrinthin";1;1;
"lack";1;2;
"lag";1;1;
"lagoon";1;1;
"laidback";1;1;
"lake";3;30;
"lakesid";2;3;
"lakónia";1;1;
"lambadheri";1;1;
"lambro";1;1;
"land";7;18;
"landscap";4;12;
"lane";4;5;
"languag";1;3;
"larnax";1;4;
"lash";1;1;
"laskari";1;2;
"lato";1;1;
"latrin";1;1;
"latter";3;6;
"launch";1;1;
"lausann";1;1;
"law";2;2;
"lawcod";1;1;
"layout";1;1;
"lazi";1;2;
"lead";7;21;
"leader";2;5;
"leaf";3;4;
"leagu";1;3;
"leap";1;1;
"leather";2;2;
"leav";4;6;
"lefká";1;1;
"leg";1;1;
"legaci";2;4;
"legend";4;5;
"legendari";3;3;
"legislatur";1;1;
"leisur";1;2;
"lemo";1;1;
"lemó";1;1;
"length";1;2;
"lengthi";1;1;
"leonida";1;2;
"levant";1;1;
"lgbt";1;2;
"li";7;17;
"librari";1;1;
"life";6;20;
"lifestyl";1;1;
"lift";1;1;
"light";1;1;
"lighter";1;1;
"lili";1;1;
"lilt";1;1;
"limeston";1;1;
"limira";1;1;
"limit";4;8;
"limnióna";1;1;
"liméni";1;1;
"line";7;27;
"linear";3;3;
"link";3;4;
"lintel";1;1;
"lion";3;7;
"liquid";1;1;
"lisit";1;1;
"list";3;6;
"lit";2;3;
"liter";1;2;
"liturg";1;1;
"livano";1;1;
"livelihood";1;1;
"liver";1;1;
"ll";5;15;
"locat";1;1;
"lock";1;1;
"locomot";1;1;
"lodg";1;1;
"look";5;10;
"loop";2;2;
"loot";1;2;
"lot";1;2;
"lotteri";1;1;
"loukoúmia";1;1;
"loutro";1;1;
"loutró";1;1;
"lover";2;2;
"lovingli";1;1;
"loyalti";2;2;
"lunch";1;1;
"lunchtim";2;3;
"lure";2;2;
"lushli";1;1;
"luxuri";3;3;
"luxuriantli";1;1;
"lyceum";1;1;
"lykavitó";1;5;
"lykurgo";1;1;
"lyre";1;1;
"láskou";1;1;
"lávrio";1;1;
"lénda";1;2;
"lésvou";1;1;
"límni";1;1;
"m";4;16;
"macedon";2;2;
"macedonia";3;14;
"maelstrom";1;1;
"magazin";2;2;
"magic";2;2;
"magnat";1;1;
"maiden";1;1;
"mainland";4;15;
"mainli";4;6;
"mainstream";1;1;
"majest";3;4;
"majesti";1;1;
"makedhonía";1;1;
"maker";1;1;
"makeshift";1;1;
"makriyiánni";1;1;
"male";2;3;
"mall";1;2;
"malvasia";1;1;
"mamma";1;1;
"man";2;3;
"manag";2;2;
"mandoláta";1;1;
"maniot";1;5;
"mankind";1;1;
"manner";1;1;
"manoeuvr";1;1;
"manoli";1;2;
"mansion";6;11;
"mantilari";1;1;
"manufactur";1;1;
"map";4;6;
"mar";2;2;
"marathon";1;3;
"marbl";5;16;
"march";3;3;
"marin";2;2;
"marina";2;2;
"maritim";1;1;
"mark";6;15;
"markedli";1;1;
"marketplac";2;2;
"marko";1;2;
"marmara";1;1;
"maroon";1;1;
"marri";1;1;
"marsh";1;1;
"martyr";1;1;
"marína";2;2;
"mask";3;4;
"masonri";2;2;
"mass";5;10;
"massacr";1;1;
"massiv";3;6;
"master";1;1;
"match";1;1;
"materi";1;1;
"matter";1;2;
"mavromihali";1;4;
"mavrórema";1;1;
"maximum";1;1;
"meal";2;2;
"meanwhil";1;1;
"measur";1;1;
"meat";2;5;
"mediera";1;1;
"mediev";7;16;
"mediterranean";2;2;
"medusa";1;1;
"megaron";1;1;
"megastor";1;1;
"megáli";1;3;
"mehmet";1;1;
"mela";1;1;
"melanouri";1;1;
"meltémi";1;1;
"member";4;5;
"membership";1;1;
"memor";2;4;
"memorabilia";1;1;
"men";4;6;
"menelau";1;1;
"mention";1;1;
"mentor";1;1;
"meníkio";1;1;
"merchant";5;7;"0.0956077047468653"
"merci";2;2;
"merenda";1;1;
"merest";1;1;
"merg";1;1;
"merit";1;1;
"merriment";1;1;
"messará";1;2;
"messeng";1;1;
"messinía";1;5;
"method";1;1;
"methóni";1;5;
"meticul";1;1;
"metr";3;4;
"metro";1;12;
"metropoli";1;2;
"mezzanin";1;1;
"mia";1;1;
"miaoúli";1;6;
"middl";2;7;
"midnight";1;1;
"midsumm";1;1;
"midwai";1;1;
"midweek";1;1;
"migrat";1;1;
"mikrolímano";1;1;
"mikrolímni";1;2;
"mikrí";1;4;
"militari";3;6;
"militarist";1;1;
"militia";1;1;
"millennium";2;3;
"min";2;3;
"minaret";3;3;
"minc";1;1;
"mind";3;3;
"mine";2;2;
"miner";1;1;
"miniatur";1;2;
"minibu";1;1;
"minimarket";1;1;
"minoan";2;8;
"minut";7;10;
"miracl";1;1;
"miracul";1;1;
"mirror";1;1;
"mislead";1;1;
"misnom";1;1;
"mission";1;1;
"mistak";1;1;
"mitropóleo";1;1;
"mitrópoli";1;2;
"mix";5;6;
"mixtur";2;2;
"mnesikl";1;1;
"moat";1;2;
"mobil";1;1;
"model";2;4;
"mollusc";1;1;
"moment";2;3;
"mon";2;3;
"monarch";1;2;
"monarchi";1;1;
"monast";1;1;
"monastirakí";1;3;
"monastiráki";1;9;
"mondai";2;3;
"monei";2;3;
"monemvasiá";2;16;
"monik";1;2;
"monk";3;3;
"monster";1;1;
"monstros";1;1;
"month";1;1;
"monthli";1;1;
"monument";4;9;
"moon";1;1;
"moor";1;1;
"moorland";1;1;
"morbid";1;1;
"morn";3;7;
"morph";1;1;
"mortar";1;1;
"mosaic";4;5;
"mosqu";4;8;
"mother";2;3;
"motif";2;2;
"mottl";1;1;
"mound";1;2;
"mount";8;37;
"mountain";6;39;
"mouriá";1;1;
"mousikí";1;1;
"mouth";3;3;
"moutzouri";1;1;
"move";3;7;
"moveabl";1;1;
"movement";1;1;
"movi";1;1;
"mulberri";1;1;
"multi";2;2;
"multistorei";1;1;
"municip";2;2;
"mural";2;3;
"murder";3;10;
"muscat";1;1;
"museum";8;74;
"music";4;15;
"musician";2;2;
"muslim";2;7;
"mykín";1;1;
"myrrhin";1;1;
"mysteri";3;3;
"mystra";2;26;
"mystrá";1;2;
"myth";1;1;
"mytholog";1;1;
"máni";2;16;
"márkou";1;1;
"mátala";1;3;
"méga";1;1;
"mégaro";1;1;
"mésa";1;1;
"mýkono";1;1;
"nadir";1;1;
"nake";1;1;
"name";7;14;"0.0499912366971739"
"narthex";2;4;
"nation";4;18;
"nationalist";1;1;
"nativ";1;1;
"natur";3;9;
"naturalist";1;1;
"natzí";1;1;
"navarino";1;1;
"nave";1;1;
"navi";1;1;
"neanderth";1;1;
"neapoli";1;1;
"neck";1;1;
"negoti";2;2;
"neighbour";3;7;
"neighbourhood";1;9;"0.0956077047468653"
"nejdet";1;1;
"neo";1;1;
"neoclass";4;7;
"neolith";3;3;
"nest";2;4;
"nestl";2;2;
"nestor";1;3;
"network";1;1;
"newspap";1;1;
"neápoli";2;3;
"nida";1;4;
"night";7;12;
"nightlif";1;5;
"niko";1;1;
"nikólao";4;9;
"nimbl";1;1;
"nineti";1;1;
"nisí";1;1;
"nobil";1;1;
"noblemen";1;1;
"nois";3;3;
"nomin";1;1;
"noon";1;1;
"northeastern";3;3;
"note";1;2;
"notic";2;3;
"notion";1;1;
"nougat";1;2;
"novemb";2;6;
"number";6;16;
"numer";6;8;
"nun";2;2;
"nunneri";1;1;
"nut";2;3;
"nymféo";1;1;
"náfplio";3;8;
"néo";1;2;
"nésto";1;1;
"nídha";1;2;
"níkon";1;1;
"níkono";1;1;
"oak";1;3;
"object";3;7;
"obscur";1;1;
"observ";2;3;
"obviou";1;1;
"occasion";4;4;
"occup";3;7;
"occupi";5;8;
"ochr";1;1;
"oct";1;1;
"octagon";2;2;
"octavian";1;1;
"octob";2;5;
"odditi";1;1;
"odeion";1;1;
"odhiyítria";1;1;
"odhó";4;11;
"odysseia";1;1;
"offer";7;26;"0.0499912366971739"
"offic";3;9;
"offici";4;5;
"offshor";2;2;
"offspr";1;1;
"oil";4;4;
"oktovrí";1;1;
"oliv";6;11;
"olymp";3;7;
"olympia";1;2;
"olympu";1;1;
"omaló";1;1;
"omonía";1;2;
"omónia";1;4;
"onsit";1;1;
"oper";1;1;
"opera";1;1;
"opportun";2;3;
"oppos";1;1;
"opposit";4;5;
"opt";1;2;
"option";2;2;
"opul";1;1;
"orat";1;1;
"orchard";1;1;
"order";2;5;
"ordinari";1;1;
"orest";1;1;
"orestiádha";1;3;
"organiz";1;1;
"orient";2;2;
"ornament";1;3;
"ornithologist";1;1;
"orthia";1;3;
"orthodox";3;7;
"ossuari";1;2;
"ostens";1;1;
"ostentati";1;1;
"otto";1;3;
"ottoman";6;9;
"ouranoúpoli";1;1;
"outbuild";1;1;
"outcast";1;1;
"outlet";1;1;
"outlin";2;2;
"outnumb";1;1;
"outpost";2;3;
"outskirt";1;1;
"outstandingli";1;1;
"ouzo";1;1;
"oval";1;1;
"overdevelop";1;1;
"overflow";1;1;
"overhang";1;1;
"overwhelm";1;1;
"ow";1;1;
"oxford";1;1;
"pace";4;5;
"pachn";1;1;
"packag";2;4;
"pagan";2;2;
"pai";1;2;
"paint";7;17;
"painter";1;2;
"pair";2;4;
"palac";5;20;
"palatáki";1;2;
"palatítsia";1;2;
"paleologo";1;1;
"paleóhora";1;2;
"palió";1;1;
"pall";1;1;
"palm";1;1;
"paloúki";1;1;
"paloúkia";1;1;
"pan";3;3;
"panathena";1;2;
"panayía";2;2;
"panayítsa";1;2;
"pandhróssou";1;1;
"pandokrátor";1;2;
"pandánassa";1;4;
"panel";1;1;
"panepistimí";1;1;
"pangráti";1;3;
"pangéo";1;2;
"paniyíri";1;1;
"panoram";2;2;
"panorama";2;2;
"papa";1;1;
"papaci";1;1;
"papandré";1;1;
"papoutsaki";1;1;
"par";1;1;
"parad";2;2;
"paraskeví";1;1;
"paratroop";1;1;
"parent";1;1;
"pari";1;2;
"parish";1;1;
"park";3;8;
"parliament";2;4;
"parson";1;1;
"part";5;25;"0.06682691780147322"
"parthenon";1;6;
"particip";1;1;
"particularli";4;6;
"partli";4;7;
"pass";4;9;
"passag";1;1;
"passagewai";1;1;
"patch";3;5;
"patera";1;1;
"path";5;10;
"patissíon";1;1;
"patra";1;1;
"patronag";2;2;
"pattern";1;2;
"paul";1;4;
"pausania";1;1;
"pave";3;4;
"pavement";2;3;
"pavlo";1;1;
"peac";2;2;
"peacock";1;1;
"peak";3;7;
"pear";1;1;
"peasant";1;1;
"peasantri";1;1;
"pebbl";1;1;
"pedestrian";5;8;
"pediment";1;1;
"peek";1;1;
"peisistrato";1;2;
"pelayia";1;1;
"pelican";2;4;
"pella";1;3;
"pelopia";1;1;
"peloponnes";4;30;
"peloponnesian";3;4;
"pelt";1;3;
"pencil";1;1;
"pendéli";1;1;
"penetr";2;2;
"peninsula";4;23;
"pennant";1;1;
"pepper";2;2;
"percent";2;2;
"perenni";1;1;
"perfectli";2;2;
"perfor";1;1;
"perfum";1;1;
"pericl";1;5;
"period";6;18;
"peripher";1;1;
"peripheri";1;1;
"perish";1;2;
"perivlépto";1;5;
"perman";3;5;
"persephon";2;5;
"perseu";2;2;
"persian";2;13;
"pervers";1;1;
"petro";1;1;
"petrobei";1;2;
"petrol";1;1;
"petrálona";2;3;
"phaesto";1;3;
"phase";1;2;
"pheidippid";1;1;
"philip";2;15;
"philippi";1;10;
"philippian";1;1;
"philosoph";2;3;
"philosophi";1;1;
"phone";2;3;
"photographi";1;1;
"physic";3;3;
"picasso";1;1;
"pick";1;2;
"pictur";1;1;
"picturesqu";1;1;"0.0956077047468653"
"piec";1;4;
"pier";1;1;
"pile";1;1;
"pillar";2;2;
"pine";3;4;
"pinion";1;2;
"pioneer";2;2;
"pipe";1;1;
"piraci";1;1;
"piraeu";1;4;
"pirat";4;4;
"pireá";3;19;
"pistachio";1;1;
"pivot";1;1;
"plai";3;6;
"plain";5;11;
"plainer";1;1;
"plakendía";1;1;
"plakiá";1;1;
"plane";1;1;
"planet";1;1;
"planner";1;1;
"plaster";1;1;
"plastíra";1;1;
"plateau";2;9;
"plato";2;3;
"platytera";1;1;
"platía";5;15;
"pleasantli";1;1;
"pleasur";3;4;
"pleat";1;1;
"plenti";6;12;
"plethon";1;1;
"plethora";1;1;
"plum";1;1;
"plung";1;1;
"ply";1;1;
"pláka";1;5;
"pláva";1;1;
"pm";6;34;
"pnik";1;1;
"pnyx";1;1;
"poetic";1;1;
"point";6;11;
"pois";1;1;
"polit";4;8;
"politeia";1;1;
"pollut";2;2;
"polychrom";1;1;
"polykr";1;1;
"polytekhnío";1;2;
"pomak";1;4;
"popul";7;28;
"populist";1;1;
"porch";1;1;
"porfara";1;1;
"port";6;22;
"portal";1;2;
"portello";1;1;
"portico";1;1;
"portion";1;1;
"portrai";1;1;
"portrait";1;1;
"porí";1;1;
"poseidon";1;3;
"posit";4;8;
"possibl";2;4;
"post";1;1;
"postcard";2;2;
"poster";1;2;
"pot";1;1;
"potato";2;2;
"potenti";1;1;
"potteri";2;5;
"powder";2;2;
"power";4;20;
"practic";1;1;
"practis";1;1;
"pre";1;2;
"precipit";2;2;
"predomin";1;1;
"predominantli";3;3;
"prehistor";3;4;
"prehistori";1;1;
"prei";2;3;
"prepar";1;1;
"presenc";2;3;
"present";3;3;
"preserv";5;12;
"presid";2;4;
"press";1;1;
"pressur";1;1;
"prestig";1;1;
"prestigi";1;1;
"presum";2;3;
"pretti";4;5;
"prettifi";1;1;
"price";2;3;
"pride";1;1;
"primarili";1;1;
"primit";1;1;
"princ";4;5;
"princip";4;6;
"prioriti";1;1;
"prison";3;4;
"privat";1;2;
"prize";1;1;
"probabl";1;1;
"problem";1;3;
"proce";1;1;
"procession";1;1;
"prodhrómou";1;1;
"produc";4;5;
"product";4;4;
"profession";1;1;
"professor";1;2;
"proffer";2;2;
"profil";1;1;
"profus";2;2;
"programm";1;2;
"project";2;2;
"promenad";2;3;
"promin";3;4;
"promot";1;1;
"proof";1;1;
"propagandist";1;1;
"properti";1;1;
"prophet";1;1;
"propon";1;1;
"proport";2;2;
"proprietor";1;1;
"prosper";4;6;
"prostitut";1;1;
"protest";1;3;
"provid";4;6;
"provinc";5;15;
"provinci";4;4;
"provision";1;1;
"proviso";1;1;
"provok";1;1;
"proxim";2;2;
"prune";1;1;
"práss";1;1;
"préspa";1;14;
"préveza";1;1;
"psará";2;3;
"psarádh";1;3;
"psili";1;1;
"psilor";1;1;
"psiloríti";1;7;
"psyrrí";1;6;
"pub";1;1;
"public";1;1;
"puller";1;1;
"puls";1;1;
"pumpkin";1;1;
"punt";1;1;
"pupil";1;1;
"purpos";2;3;
"pursu";2;3;
"pursuit";1;1;
"push";1;1;
"pygmi";1;1;
"pyramid";1;1;
"pythagora";1;1;
"pythagorean";1;1;
"párnitha";1;1;
"páro";1;1;
"pátra";1;6;
"pávlou";1;1;
"pétre";1;1;
"pétro";1;1;
"péza";1;2;
"póro";1;2;
"pýlo";1;6;
"pýrgo";1;1;
"qualifi";1;2;
"qualiti";1;1;
"quantiti";2;3;
"quarter";5;11;
"queen";2;3;
"question";1;1;
"quieter";4;4;
"quietest";1;1;
"quirki";1;1;
"quiver";1;2;
"rack";2;3;
"radiat";1;1;
"radic";1;2;
"radio";2;2;
"rafína";1;1;
"raid";1;1;
"rail";1;1;
"railwai";1;4;
"raki";1;1;
"ralli";1;1;
"ramnou";1;2;
"ramp";1;2;
"rampart";1;2;
"rank";1;1;
"rap";1;1;
"rape";1;2;
"rappel";1;1;
"raptor";1;3;
"rat";1;1;
"ravag";1;1;
"reach";5;14;
"readi";1;1;
"realiti";1;2;
"realiz";2;2;
"reappear";1;1;
"rear";1;1;
"reason";6;12;
"reassert";1;1;
"rebel";1;1;
"rebellion";2;2;
"rebirth";1;1;
"rebuilt";1;1;
"rebétika";1;1;
"recept";2;2;
"recogniz";2;2;
"recolonis";1;1;
"recomm";1;1;
"reconsecr";1;1;
"reconvert";1;1;
"record";2;5;
"recov";2;2;
"recoveri";1;1;
"recycl";2;2;
"redevelop";1;1;
"redistribut";1;1;
"reduc";1;2;
"redund";1;1;
"reef";1;1;
"reform";1;4;
"refug";1;2;
"refuge";6;8;
"refurbish";2;3;
"regard";2;2;
"regener";1;1;"0.0956077047468653"
"regim";1;2;
"region";4;24;
"regist";1;1;
"regularli";1;1;
"rehears";1;1;
"reign";1;1;
"reinforc";1;1;
"reinterpret";1;1;
"rel";5;9;
"relationship";1;1;
"reli";1;1;
"relic";2;3;
"relief";4;5;
"reliev";1;1;
"religi";3;5;
"religion";1;1;
"reloc";2;2;
"remark";4;7;
"rembétika";2;2;
"remembr";1;1;
"remind";3;3;
"remnant";1;1;
"remodel";1;1;
"remot";2;2;
"renaiss";4;6;
"renam";1;1;
"render";2;2;
"renov";2;4;
"renown";1;1;
"rent";2;2;
"rental";2;2;
"reoccupi";1;1;
"repai";1;1;
"repair";1;1;
"replac";5;6;
"replan";1;1;
"repopul";1;1;
"repres";1;4;
"repress";1;1;
"reproduc";1;2;
"republ";2;4;
"reput";2;3;
"request";1;1;
"requir";2;2;
"rescu";2;2;
"resembl";2;2;
"resid";6;7;
"residenti";1;3;
"residu";1;1;
"resolut";1;1;
"resort";4;17;
"respect";1;3;
"respons";1;1;
"rest";5;9;
"restaur";5;14;"0.06682691780147322"
"restor";8;19;
"result";2;4;
"resum";1;1;
"resurg";1;1;
"retinu";1;2;
"retouch";1;1;
"retreat";3;4;
"return";7;14;
"reus";1;1;
"revel";2;2;
"reveng";1;1;
"revenu";1;1;
"rever";1;1;
"revers";1;1;
"revert";1;1;
"revit";2;2;
"reviv";1;2;
"revolt";1;1;
"revolut";2;2;
"revolutionari";3;3;
"reward";2;7;
"rhea";1;1;
"rhythm";1;1;
"rice";1;1;
"ricketi";1;1;
"ride";1;1;
"ridg";3;5;
"ridgetop";1;1;
"rigor";1;1;
"rim";1;1;
"ring";2;6;
"rise";3;3;
"ritual";1;1;
"ritzier";1;1;
"rival";2;4;
"river";2;5;
"road";8;43;
"roadsid";2;2;
"roast";2;2;
"rock";4;18;
"rockfac";1;1;
"rocki";3;3;
"role";4;4;
"roll";1;1;
"roma";1;2;
"roman";6;32;
"romant";1;1;
"rome";3;4;
"roof";7;15;
"rooftop";1;1;
"room";5;27;
"root";1;1;
"rope";2;2;
"rose";3;3;
"roughli";2;2;
"rouméli";1;2;
"rout";8;21;
"rove";1;1;
"row";2;2;
"rowdi";1;1;
"rower";1;1;
"royal";3;22;
"roïdi";1;1;
"roúf";1;1;
"rug";2;2;
"ruin";7;23;
"ruinou";1;1;
"rule";3;14;
"ruler";2;5;
"run";4;8;"0.06682691780147322"
"rush";1;2;
"russian";2;2;
"russo";1;1;
"rust";1;1;
"réthymnon";1;7;
"río";1;1;
"sack";4;6;
"sacr";2;2;
"safari";1;1;
"safeti";1;1;
"saga";1;1;
"sail";2;2;
"saint";4;5;
"salami";2;4;
"salamína";1;8;
"sale";1;1;
"salt";2;2;
"saltwat";1;1;
"samariá";1;2;
"samian";1;1;
"samo";1;16;
"samothráki";2;2;
"sanctifi";1;1;
"sanctiti";1;1;
"sanctuari";4;10;
"sand";3;5;
"sandal";1;1;
"sandbar";1;1;
"sandi";1;5;
"sandwich";1;1;
"saracen";1;1;
"sarcophagu";1;2;
"sardin";2;2;
"saron";3;8;
"satellit";2;2;
"satisfi";1;1;
"saturdai";2;3;
"sauc";1;1;
"saute";1;1;
"saviour";1;1;
"saw";2;4;
"scale";2;3;
"scan";1;1;
"scandinavian";1;1;
"scarc";1;1;
"scari";1;1;
"scatter";4;5;
"scene";5;10;
"sceneri";2;3;
"scenic";2;2;
"scent";1;1;
"schedul";2;2;
"schist";1;1;
"schizophren";2;2;
"schliemann";1;6;
"scholar";3;4;
"school";1;1;
"schooner";1;1;
"scoop";1;1;
"scoot";1;1;
"scooter";1;1;
"score";2;2;
"scottish";1;1;
"scrambl";1;1;
"scribe";1;1;
"script";1;1;
"scrub";1;1;
"sculptor";1;1;
"sculptur";2;7;
"sea";6;23;
"seafood";1;3;
"seafront";2;4;
"seal";2;4;
"seaport";1;1;
"seascap";1;1;
"seasid";2;2;
"season";4;9;
"seat";2;3;
"seawal";1;1;
"seaward";2;2;
"secret";1;2;
"section";2;5;
"seduct";2;2;
"seed";1;1;
"seiz";1;2;
"sell";4;8;
"seller";2;2;
"semi";4;5;
"senat";1;1;
"sens";3;3;
"sensit";1;1;
"sept";2;3;
"septemb";4;4;
"sequenc";1;1;
"seri";5;7;
"seriou";1;1;
"serv";5;7;
"servic";3;3;
"sesam";1;1;
"settl";3;5;
"settlement";6;9;
"settler";1;1;
"sfakiá";1;1;
"sfakíon";1;3;
"shallow";1;2;
"shame";1;1;
"shape";4;6;
"share";2;2;
"sharpli";1;1;
"sheer";2;3;"0.06682691780147322"
"shell";2;2;
"shelter";3;4;
"shepherd";1;1;
"shift";2;3;
"shimmer";1;1;
"shine";1;1;
"ship";3;5;
"shipown";1;1;
"shipwork";1;1;
"shipwreck";2;5;
"shoe";1;1;
"shop";6;25;
"shopper";1;1;
"shore";3;4;
"shot";1;1;
"shoulder";1;1;
"show";3;5;
"shutter";1;1;
"shutterstock";2;2;
"shuttl";1;1;
"side";8;31;
"sieg";2;6;
"siesta";1;2;
"sight";4;12;
"signal";2;2;
"signet";1;1;
"significantli";3;4;
"signpost";2;3;
"silhouett";1;1;
"silver";2;4;
"simpl";1;1;
"singl";3;7;
"sister";1;1;
"sithonía";1;2;
"sitía";1;7;
"size";4;5;
"sizeabl";2;2;
"skilfulli";1;1;
"skill";1;1;
"skirmish";1;1;
"skiátho";1;1;
"skopelo";1;2;
"skull";2;4;
"skylight";1;2;
"skylin";2;2;
"skála";1;1;
"skópelo";1;8;
"slab";3;3;
"slat";1;1;
"slate";2;3;
"slayer";1;1;
"sleep";1;1;
"sleepi";1;1;
"slice";1;1;
"slightli";3;4;
"slip";1;1;
"slope";5;8;
"smash";2;2;
"smatter";2;2;
"smell";1;1;
"smoke";1;1;
"snail";1;2;
"snake";3;6;
"sniper";1;1;
"snorkel";1;1;
"snow";1;1;
"snowcap";1;1;
"societi";4;5;
"socrat";1;2;
"sofoklé";1;1;
"sofía";3;6;
"soil";1;1;
"soldier";3;4;
"solemnli";1;1;
"solitud";1;2;
"solon";1;2;
"sombr";1;1;
"somewher";1;1;
"son";3;8;
"sophist";3;4;
"sophocl";1;1;
"sort";2;3;
"sorti";1;1;
"souk";1;1;
"sound";1;1;
"sourc";1;3;
"southeast";3;7;
"southeastern";3;3;
"souvenir";1;1;
"sovereignti";1;1;
"soúnio";1;2;
"soúyia";1;1;
"space";3;6;
"spain";1;1;
"span";1;1;
"sparrowhawk";1;1;
"spars";1;1;
"sparta";2;6;
"spartan";2;15;
"spartathlon";1;1;
"spatter";1;1;
"speaker";1;1;
"spear";1;1;
"speci";1;6;
"specialist";1;2;
"specif";1;1;
"spectacl";1;1;
"spectat";1;1;
"spectrum";1;1;
"specul";1;1;
"sphere";1;1;
"sphinx";1;2;
"spice";3;3;
"spiliá";1;2;
"spill";2;2;
"spiléo";1;1;
"spinalónga";1;1;
"spine";1;1;
"spirit";3;3;
"spiritu";2;2;
"splash";1;1;
"splendidli";1;1;
"splendour";1;1;
"split";1;2;
"spoilt";1;1;
"sponsor";1;1;
"spoonbil";1;1;
"sporad";2;2;
"sport";5;6;
"spot";3;5;
"spout";1;1;
"sprawl";3;3;
"spread";5;6;
"spring";6;8;
"spur";1;2;
"spárti";1;7;
"spétse";1;3;
"squar";6;27;
"squeamish";1;1;
"squirm";1;1;
"st";4;10;
"stabl";3;4;
"stadia";1;1;
"stadium";2;2;
"stage";4;5;
"stagger";1;1;
"stai";4;11;
"stain";2;2;
"staircas";1;1;
"stairwai";1;1;
"stalactit";2;2;
"stalagmit";1;1;
"stalgmit";1;1;
"stall";2;6;
"stand";6;12;
"standard";1;1;
"star";2;6;
"start";3;9;
"startl";3;3;
"startlingli";1;1;
"starvat";1;1;
"state";4;17;
"statesman";1;1;
"stathato";1;3;
"station";3;5;
"stationwith";1;1;
"statu";6;17;
"stavro";1;1;
"stavroúpoli";1;1;
"steam";1;2;
"steepli";1;1;
"stela";1;1;
"stele";2;3;
"stem";2;2;
"stemnítsa";1;1;
"step";4;6;
"stir";2;2;
"stoa";1;2;
"stock";1;1;
"stone";4;12;
"stop";3;9;
"storag";1;1;
"storei";2;4;
"stori";1;1;
"stork";1;2;
"stoúpa";1;1;
"straggl";1;1;
"strai";2;2;
"strait";1;2;
"strateg";4;4;
"stream";2;2;
"strenuou";1;1;
"stretch";4;7;
"strike";3;3;
"strikingli";1;1;
"string";1;2;
"strip";4;4;
"stroke";2;2;
"stroll";3;3;
"stronghold";1;2;
"structur";4;6;
"struggl";1;2;
"strymóna";1;1;
"stráti";1;1;
"stréfi";1;1;
"stucco";1;1;
"student";1;4;
"stuf";1;2;
"stumpi";1;1;
"sturdi";1;1;
"style";4;9;
"subdu";1;1;
"subject";3;3;
"subjug";1;1;
"subsequ";2;3;
"substanti";3;6;
"subtitl";1;2;
"suburb";3;4;
"subvert";1;2;
"success";3;9;
"successfulli";1;1;
"succumb";1;1;
"suddenli";1;2;
"suez";1;1;
"suffici";1;1;
"sulla";1;1;
"sultan";1;1;
"sultana";1;2;
"summer";5;20;
"summit";5;14;
"sumptuou";1;2;
"sun";5;9;
"sunbath";1;1;
"sundai";1;4;
"sundri";1;1;
"sunris";1;1;
"sunset";2;2;
"superbl";1;1;
"supermarket";1;1;
"superstiti";1;1;
"supin";1;1;
"suppli";4;7;
"support";5;5;
"supposedli";2;3;
"suprem";2;2;
"surfac";1;1;
"surpass";1;1;
"surpris";1;1;
"surprisingli";4;6;
"surrend";3;3;
"surround";4;11;
"surviv";5;7;
"swai";1;1;
"swan";1;1;
"swankier";1;1;
"swastika";1;1;
"swath";1;1;
"sweep";1;2;
"sweetcorn";1;1;
"swiftli";1;3;
"swim";6;13;
"switch";1;1;
"sword";1;1;
"sybarit";1;1;
"symbol";3;9;
"syndágmato";1;2;
"syngroú";1;1;
"synonym";1;1;
"syrah";1;1;
"system";3;6;
"sámo";1;7;
"sáo";1;1;
"sérre";1;2;
"símo";1;3;
"sýndagma";1;4;
"sýro";1;8;
"t";5;12;
"tabl";3;5;
"tablet";3;4;
"tack";1;1;
"tactic";1;1;
"takeawai";1;1;
"tale";1;2;
"tan";3;3;
"tangibl";1;1;
"tangl";1;1;
"tank";1;1;
"tap";1;1;
"target";2;2;
"tassel";1;1;
"tast";3;4;
"tastefulli";1;2;
"tavern";1;1;
"taverna";4;15;
"tavlí";1;1;
"tavroníti";1;1;
"tax";1;1;
"taxi";3;4;
"taxiárh";1;1;
"taïyeto";2;7;
"technic";1;1;
"techniqu";1;3;
"technolog";2;2;
"teem";1;1;
"televis";1;1;
"temper";2;2;
"temperatur";1;1;
"templ";7;12;
"temporari";1;3;
"tempt";1;1;
"tension";1;1;
"tentacl";1;1;
"tenth";2;2;
"termin";3;3;
"terminu";1;1;
"tern";1;1;
"terrac";2;6;
"terrain";1;1;
"terribl";2;2;
"territori";4;6;
"test";1;1;
"text";1;2;
"textil";1;1;
"theatr";5;14;
"theme";1;1;
"themonasteri";1;1;
"thing";3;7;
"thirteenth";4;8;
"thirti";2;3;
"thissío";1;10;
"tholo";1;3;
"thoroughfar";2;3;"0.0956077047468653"
"thoroughli";1;1;
"thought";5;8;
"thrace";1;13;
"thracian";1;6;
"thread";1;1;
"throne";2;4;
"thrust";1;1;
"thráki";1;2;
"thróno";1;3;
"thu";2;4;
"thucydid";1;1;
"thump";1;1;
"thur";1;1;
"thyest";1;4;
"thíra";1;1;
"ticket";3;4;
"tile";2;4;
"timescal";1;1;
"timet";1;1;
"timio";1;1;
"tin";1;2;
"tini";4;7;
"tip";2;3;
"tire";1;1;
"tiryn";1;2;
"titl";1;1;
"tobacco";2;6;
"toi";1;1;
"toll";1;1;
"tomato";1;1;
"tomb";4;53;
"ton";1;1;
"tonn";1;1;
"tool";1;3;
"top";6;8;
"topograph";1;1;
"torch";1;1;
"tortois";1;1;
"tortur";1;1;
"total";1;3;
"tou";1;2;
"touch";2;2;
"tour";5;18;
"tourism";6;9;
"tourist";6;19;
"touristi";2;2;
"tout";1;1;
"tower";3;10;
"trace";3;4;
"tract";1;1;
"trade";4;6;"0.0499912366971739"
"tradit";7;22;
"tradition";2;2;
"traffic";3;4;
"tragic";2;2;
"trail";4;8;
"train";2;4;
"tram";1;2;
"tranquil";1;1;
"transfer";2;2;
"transfigur";1;1;
"transmitt";1;1;
"transport";5;7;
"trap";1;1;
"treasur";3;5;
"treasuri";2;3;
"treat";2;2;
"treati";1;1;
"tree";4;4;
"trek";1;6;
"tress";1;1;
"triangl";1;1;
"tribe";1;1;
"tribun";1;1;
"trident";1;1;
"trim";1;1;
"triniti";1;1;
"trio";2;3;
"tripper";2;2;
"trirem";1;2;
"triumph";1;1;
"triumphant";1;1;
"triádha";1;3;
"troi";1;3;
"trojan";1;4;
"trollei";1;1;
"troop";1;1;
"troubl";1;1;
"troublesom";1;1;
"trove";2;3;
"truce";1;1;
"trunk";1;1;
"truth";1;1;
"trípoli";1;1;
"tsabou";1;1;
"tsamad";1;1;
"tsikoudhiá";1;1;
"tsikoudiá";1;3;
"tsiróni";1;1;
"tsámi";1;1;
"tséria";1;1;
"tuck";2;2;
"tue";3;5;
"tune";1;1;
"tunic";1;1;
"tunnel";2;3;
"turbul";1;1;
"turk";5;20;
"turkei";3;5;
"turkish";7;33;
"turmoil";1;1;
"turn";4;5;
"tusk";1;1;
"twelfth";1;2;
"twenti";3;5;
"twist";2;2;
"type";3;3;
"typic";3;3;
"tyrant";2;2;
"tzamí";1;1;
"ténaro";1;1;
"tí";1;1;
"tíno";1;1;
"ubiquit";1;1;
"ugli";1;2;
"unadulter";1;1;
"unapp";1;1;
"unarm";1;1;
"unattract";1;2;
"unchalleng";1;1;
"uncomfort";1;1;
"uncov";1;2;
"underf";1;1;
"undergon";1;1;
"underpopul";1;1;
"underw";1;1;
"underworld";1;1;
"undoubtedli";1;2;
"unearth";3;5;
"unexploit";1;2;
"unfailingli";1;1;
"unfenc";1;1;
"unfortun";1;1;
"uniform";1;1;
"unimagin";1;1;
"uninhabit";1;2;
"union";1;1;
"uniqu";3;5;
"univers";1;1;
"unkempt";1;1;
"unknown";1;3;
"unlik";2;2;
"unrel";1;1;
"unrest";1;1;
"unrestor";1;1;
"unrestrain";1;1;
"unrival";3;3;
"unsuccess";1;1;
"untouristi";1;1;
"unusu";4;6;
"uphil";3;5;
"upmarket";3;5;
"upstair";1;3;
"utterli";1;1;
"vafio";1;1;
"vallei";4;11;
"vamvakari";1;2;
"van";1;1;
"vanquish";1;1;
"vapória";1;2;
"vari";2;5;
"varieti";3;3;
"variou";5;11;
"vase";2;3;
"vastli";1;1;
"vat";1;1;
"vathý";2;4;
"vathýpetro";1;2;
"vault";4;6;
"veget";4;8;
"vegetarian";1;1;
"vehicl";2;2;
"vendetta";1;1;
"vendor";1;2;
"vengeanc";1;1;
"venic";1;1;
"venizelo";1;1;
"ventur";3;3;
"venu";1;4;
"verdant";1;1;
"vergina";1;6;
"version";1;1;
"vessel";1;1;
"vestig";1;1;
"vestment";1;1;
"vex";1;1;
"viabl";1;1;
"vibranc";1;1;
"viciou";1;1;
"victim";1;1;
"victor";1;1;
"victori";3;5;
"view";7;26;
"viewpoint";1;1;
"viktoría";1;1;
"vilana";1;1;
"villa";1;1;
"villehardouin";1;2;
"vineyard";2;7;
"violenc";1;1;
"viper";1;1;
"virgin";3;6;
"virtuos";1;1;
"visibl";3;5;
"visit";7;36;
"vista";1;1;
"voic";1;1;
"volcan";3;3;
"vorízia";1;1;
"votiv";1;1;
"votsalákia";1;2;
"voukolié";1;1;
"voukourestí";1;1;
"voulí";1;2;
"vouraikó";1;2;
"vouraïkó";1;2;
"voyag";1;1;
"voïdhokiliá";1;2;
"vromolímni";1;1;
"vrondohión";1;4;
"vultur";1;3;
"vyssinádha";1;1;
"vyzandíon";1;1;
"várkiza";1;1;
"váthia";1;2;
"váï";1;1;
"véria";1;5;
"vólta";1;1;
"výro";1;2;
"wade";1;1;
"wafer";1;1;
"wai";4;4;
"waist";1;1;
"wake";1;1;
"walk";6;18;
"walker";3;5;
"wall";6;26;
"wallow";1;1;
"war";7;39;
"warfar";1;1;
"warlik";1;1;
"warp";1;1;
"warrior";1;1;
"warship";2;2;
"wartim";1;1;
"wash";1;1;
"watch";2;3;
"water";6;20;
"waterfal";2;2;
"waterfowl";1;1;
"waterfront";3;3;
"watermil";1;1;
"watersid";3;3;
"wattl";1;1;
"waymark";1;1;
"wealth";2;5;
"wealthi";2;3;
"wealthier";1;1;
"weapon";1;1;
"weaponri";2;2;
"wear";1;1;
"wedg";1;1;
"week";4;7;
"weekend";1;3;
"weight";1;1;
"welcom";3;3;"0.06682691780147322"
"wetland";1;6;
"wheel";1;1;
"whip";1;1;
"whitewash";3;4;
"wife";2;3;
"wildfir";1;1;
"wildflow";1;1;
"wind";3;6;
"windmil";1;2;
"window";5;5;
"windsurf";3;3;
"wine";3;10;
"wing";1;1;
"wit";1;1;
"wolv";1;1;
"women";4;7;
"wonder";4;6;
"wonderfulli";2;2;
"wood";2;3;
"woodland";1;1;
"woolli";1;1;
"worker";1;1;
"world";5;19;
"worth";7;19;
"worthi";1;1;
"worthwhil";3;3;
"wound";1;2;
"wrap";1;2;
"wrath";1;1;
"wreath";2;3;
"wreckag";1;1;
"wrest";1;1;
"writer";1;1;
"wrought";1;1;
"wwf";1;1;
"www";1;1;
"xenokrát";1;1;
"xerx";1;1;
"xi";1;1;
"yacht";1;1;
"year";8;31;"0.0499912366971739"
"yeoryoúpoli";1;1;
"yermanó";1;4;
"yeroliména";1;1;
"yield";1;1;
"youth";2;4;
"yéfira";1;5;
"yíthio";1;1;
"z";1;1;
"zakhloroú";1;1;
"zenith";1;1;
"zone";3;3;
"zoraïda";1;1;
"zucchini";1;1;
"zéa";1;1;
"áno";3;6;
"árgo";1;5;
"áyii";2;2;
"áyio";8;28;
"égina";1;5;
"élo";1;1;
"évro";1;7;
"éxo";1;1;
"éyio";1;1;
"ítylo";1;1;
"óri";1;1;
"ósio";1;1;
"óthono";1;1;
"ýdhra";1;3;
